,link,name,price,rating,description,how_to_use,country_of_origin
0,https://goldapple.ru/32110200005-moschino-toy2,MOSCHINO TOY2,5 750₽,4.7,"Культовый аромат от Moschino в виде плюшевого мишки возвращается! Второй эксклюзивный запуск, на этот раз – в стеклянном флаконе. Искрящуюся бодрость мандарина и яблока сорта «Гренни Смит» сопровождают нежные цветочные ноты магнолии, раскрывая свежий, игривый аромат. Чистая и утонченная нота лепестков жасмина усиливается бархатистым звучанием пиона и хрустящей свежестью белой смородины. Древесные ноты амбры и сандала добавляют невероятную чувственность, в то время как акцент кристаллического мускуса наполняет аромат нежностью и сиянием.",нет информации,Италия
1,https://goldapple.ru/19000200196-far-very-far-18-08,NEYDO Far very far 18.08,6 200₽,4.3,"Аромат Far Very Far вдохновлен сном Поля о необыкновенном пляже, где океан и небо меняются местами, где только бесконечный пляж и шум прибоя. Аромат-бриз с нотами жасмина и пиона освежает и расслабляет, а цедровый акцент с травяным нюансом бодрит и заряжает энергией. Смело ныряйте в него, чтобы отдохнуть от шума и суеты городской жизни.Страна производства парфюмерной композиции - ФранцияPaul, 18.08Остров. Пляж. Я лежу на песке и смотрю вверх. Надо мной нависает искрящийся синевой бескрайний океан. Одна за одной с шумом перекатываются волны. Протягиваю руку вверх, океан опускается ниже, и пальцы легко погружаются в голубую прохладу. Чувствую запах моря и соленый привкус на языке. И тут яркий блик вдалеке привлекает мое внимание. Встаю. Океан поднимается вместе со мной.Прикладываю ладонь козырьком ко лбу и щурюсь на солнце, старясь рассмотреть, что же там такое. На воде покачивается легкая прозрачная лодка из плексигласа. Но на борту никого нет. Я совершенно один. Неожиданно замечаю на песке тень лимонного дерева. Осматриваюсь по сторонам – деревьев нет вообще! И уж точно никаких плодов поблизости. Но терпкий аромат цедры пропитывает воздух. Он буквально струится по моим венам! На адреналине вхожу в свежую прохладную тень невидимого дерева.Вдыхаю полной грудью и понимаю, что не хочу возвращаться в свой привычный мир, где всему есть объяснение! Срываюсь с места и бегу, набирая скорость, чтобы оттолкнуться и нырнуть в океан надо мной. Но чем выше я прыгаю, тем выше поднимется океан – и я каждый раз оказываюсь на песке.Страна происхождения товара может отличаться (Республика Корея/Франция).",Только для наружного применения.,Франция
2,https://goldapple.ru/80390100011-zen,SHISEIDO Zen,10 500₽,4.7,"Сочетание фруктовых и цветочных нот уравновешивает теплый аромат пачули. Парфюмерная композиция Shiseido Zen окутает Вас прозрачным покрывалом чувственности и глубины. ВЕРХНИЕ НОТЫ: грейпфрут, бергамот, персик, ананас, голубая роза. НОТЫ СЕРДЦА: фрезия, гардения, красное яблоко, фиалка, ландыш, гиацинт, китайская роза, цветок лотоса. БАЗОВЫЕ НОТЫ: пачули, кедр, мускус, белый мускус, морской бриз, амбра, фимиам.",нет информации,Франция
3,https://goldapple.ru/19000264457-cristal,NARCISO RODRIGUEZ Narciso cristal,16 010₽,4.6,"NARCISO eau de parfum cristal передает внутренний свет благодаря сияющим верхним нотам, чистому и нежному сердцу и чувственному шлейфу.Искрящиеся начальные акценты бергамота словно озаряют своим ярким звучанием бархатные лепестки пышного букета, состоящего из аккордов розы и белых цветов.Затем постепенно раскрываются страстные средние ноты мускуса, характерные для всех ароматов NARCISO. Мускус подчеркнут элегантными древесными и амбровыми оттенками кедра и кашмерана, которые придают парфюму таинственный и быстро распространяющийся шлейф.Сверкающие верхние ноты искусно уравновешены насыщенными нотами, что делает звучание композиции легким и одновременно глубоким.Культовый флакон NARCISO предстает в своей чистейшей форме: розоватое полупрозрачное стекло символизирует утонченность аромата, который находится внутри. Матовый розовый колпачок контрастирует с блестящим стеклом. Роскошный дизайн парфюма идеально передает пленительное сияние, присущее женщине NARCISO.","Наносить на запястье, за мочку уха, на сгиб локтя, на шею в районе межключичной впадины.",Франция
4,https://goldapple.ru/19000279936-good-girl-blush-elixir,CAROLINA HERRERA Good Girl BLUSH ELIXIR,13 741₽,4.9,"Насыщенный аромат Good Girl Blush Elixir усиливает ноты классической композиции Good Girl Blush и очаровывает выразительным и женственным сочетанием соблазнительной розы, интенсивной гурманской ванили и дымного, интригующего аккорда пачулей.Этот загадочный цветочно-древесный эликсир, дополненный акцентом бергамота и яркой нотой иланг-иланга, окутывает нежностью и чувственностью. Культовый флакон в виде туфельки с золотистым каблуком теперь представлен в изысканных черно-розовых тонах.",Только для наружного применения.,Испания
5,https://goldapple.ru/26161100001-soleil-de-capri,MONTALE Soleil de Capri,18 600₽,4.5,"Еще один представитель бренда Montale, созданный для мужчин и женщин. Туалетная вода была выпущена в 2007 году, традиционно автором выступил сам Пьер Монталь (Pierre Montale). Данная композиция относится к семейству фруктово-цветочных ароматов и преисполнена свежими, актуальными для лета акцентами.",нет информации,Франция
6,https://goldapple.ru/83290100004-vetiver-d-haiti-au-the-vert,CHOPARD Vetiver d'Haiti au The Vert,30 490₽,4.4,"Парфюмерная вода Chopard Vtiver d hati au th vert — чувственный аромат для мужчин и женщин, на создание которого вдохновила чарующая атмосфера каннского фестиваля.Верхние ноты композиции раскрываются нежностью зеленого чая, удачно дополненного амбреттой. В сердце Vtiver d hati au th vert — теплый ветивер, оттененный кедровыми акцентами. В шлейфе парфюмерной воды переливается изящный мускусный аккорд.",Только для наружного применения.,Италия
7,https://goldapple.ru/19000154011-white-musk,TESORI D’ORIENTE White musk,1 090₽,4.2,"Нежный, мягкий, гармоничный аромат кристальной чистоты с бархатной цветочной нотой.Неповторимое звучание белого мускуса в композиции Tesori d’Orienre оставляет на теле и одежде обволакивающий кремовый запах чистоты и спокойствия. Классические альдегиды на старте плавно переходят в нежную россыпь ирисовой пудры. По мере раскрытия белый мускус смягчается, становится пушистым, лаская кожу и пробуждая тайные желания.Tesori d’Oriente Туалетная вода 100 мл приглашает Вас окунуться в мир эстетики и великолепия. Уникальная разработка итальянских парфюмеров создает туалетную воду с ярким ароматом, обладающим хорошей стойкостью до 10 часов. Туалетная вода Tesori d'Oriente принадлежит к группе восточных ароматов. Ольфакторное путешествие унесет вас от повседневной жизни: бегство в живописные уголки мира, окруженные бирюзовыми водами, где вы сможете найти свой внутренний покой.Ароматы, произведенные в Италии, созданы на основе натуральных масел, с натуральными компонентами. Продукция вдохновлена древней идеей превратить ежедневный уход за телом в красивый ритуал, с помощью которого можно гармонизировать тело и душу. Парфюмерия данного бренда содержит традиционные восточные компоненты, использующиеся в течение многих веков при изготовлении косметики. Ароматические композиции разработаны ведущими мировыми парфюмерными компаниями и подойдут для подарка самым близким людям, потому что привлекательная и удобная упаковка имеет премиальный вид. Насладитесь роскошью гармонии Востока!","Нанести на тело или одежду, избегая попадания в глаза или на раздраженную кожу.  При необходимости повторить нанесение в течение дня.",Италия
8,https://goldapple.ru/82860100001-eau-de-parfum,MISSONI Eau de Parfum,4 670₽,4.7,"Парфюмерная вода Missoni Eau de Parfum — изысканный предмет роскоши известного итальянского бренда. Олицетворением этого аромата стала женщина — женственная, очаровательная и чувственная! Она с особым шиком носит Missoni, излучая неимоверную энергию и уверенность в себе. Оригинальный флакон этой парфюмерной воды выполнен из стекла, в очень красивом переливающемся дизайне.Встречает аромат нотами бергамота и дикой груши, немного лимона и цитрона. Продолжает чарующий своей нежностью магония и аккорд ""Петалии"". А завершает композицию Eau de Parfum сандал, бобы тонка и амброксан. Очаруйте окружающих своей женственностью и невероятной жаждой к жизни!",нет информации,Россия
9,https://goldapple.ru/19000316441-niche-perfume-hand-cream-miniature-gift-set,DUFT & DOFT Niche perfume hand cream miniature gift set,2 289₽,4.2,"В набор входят 4 увлажняющих крема для рук DUFT&DOFT в мини-формате (по 10 мл):- парфюмированный крем для рук NICHE PERFUME HAND CREAM DE BLANC с изысканным и свежим ароматом бергамота, жасмина, фрезии и мускуса;- парфюмированный крем для рук NICHE PERFUME HAND CREAM DEW GRASS с нежными и освежающими нотами петитгрейна, персика, сандала, ванили и мускуса;- парфюмированный крем для рук NICHE PERFUME HAND CREAM SPLASH c вдохновляющим фруктово-цветочным звучанием грейпфрута, черной смородины, персика и гардении;- парфюмированный крем для рук NICHE PERFUME HAND CREAM SAGE LEAF с элегантными зелеными аккордами кипариса, шалфея, свежей травы и древесным акцентом кедра.Каждый из этих кремов интенсивно увлажняет кожу рук, устраняя сухость и не оставляя липкости. Нежные средства быстро впитываются, окутывая руки легкой вуалью изысканного аромата.",Нанесите на кожу рук и распределите массирующими движениями.Используйте в течение дня по мере необходимости.,нет информации
10,https://goldapple.ru/19000132669-bergamote-bielo-fema,24.GRAMS Bergamote bielo fema,1 750₽,2.5,"Диффузор ароматический с фибровыми палочками с ярким ароматом ""Бергамот"", в котором переплетаются ноты зеленых цитрусов и бергамота, делая аромат свежим и бодрящим.Используя разное количество палочек можно удобно регулировать интенсивность аромата в помещении: чем больше палочек вставлено в диффузор, тем сильнее и насыщеннее распространяется аромат.Стойкость аромата до 90 дней, в зависимости от помещения и интенсивности использования","Инструкция по использованию:- Открыть крышку флакона - Вставить палочки.Важно: от количества используемых палочек зависит интенсивность аромата в помещении.Для начала рекомендуем начать с 2-х палочек и по необходимости увеличить количество.- Для более насыщенной отдачи аромата можете перевернуть палочки, чтобы пропитанная часть оказалась сверхуКаждый аромат может раскрываться индивидуально, это особенности обонятельных рецепторов каждого человека. Для кого-то один аромат может показаться слишком ярким и насыщенным, а для другого - он будет еле различим. Мы рекомендуем выбирать аромат в первую очередь из своих предпочтений.А при использовании в помещении советуем немного приоткрыть окно, чтобы в помещении было движение воздуха. Благодаря этому аромат будет распространяться еще лучше.",Россия
11,https://goldapple.ru/19000222202-ambre-insomniaque,ANTINOMIE Ambre Insomniaque,7 159₽,4.6,"Мы мечтаем, но не спим!Свежий аромат, который пробуждает чувства энергичными нотами персика и лимона. Но не доверяйте первому впечатлению: теплая амбра и белый мускус раскрываются на протяжении всей композиции.Ambre Insomniaque — готовы ли вы мечтать с широко открытыми глазами?",Только для наружного применения.,Франция
12,https://goldapple.ru/26730600001-bal-d-afrique,BYREDO Bal d`Afrique,38 180₽,4.6,"Ревущие двадцатые годы… В знаменитом Мулен Руж жарче, чем в самой Африке, ведь на сцене Жозефина Бейкер! Черная жемчужина, танцующая богиня, ставшая символом эпохи! Воплощение самых смелых мужских фантазий. Bal d’Afrique – страстная смесь теплых и романтических нот ветивера, навеянная образом Парижа конца 20-х годов, африканской культурой, искусством, музыкой и танцами. Парижский авангард и африканская культура создают странное, полное энергии и страстей сочетание.",нет информации,Франция
13,https://goldapple.ru/19000017110-solo-ella,LOEWE SOLO ELLA,17 150₽,4.8,"Туалетная вода для женщин LOEWE Solo Ella принадлежит к фруктовым цветочно-древесным ароматам. Питахайя и маракуйя сочетаются в ней со сладкими нотами пралине, ванили и сахарной ваты, создавая стойкий и сбалансированный аромат.Женские ароматы коллекции LOEWE Solo несут с собой ощущение гармонии, подобное тому, какое возникает при созерцании заката. Поэтому их композиции, состоящие из четырех контрастных аккордов, отличаются стойкостью и долговечностью.В LOEWE Solo Ella выделяются ноты ванили, сандала и амбры. Будучи частью коллекции LOEWE Botanical Rainbow, этот аромат отражает многообразие природы через эмоциональные нюансы. Женские ароматы Botanical Rainbow созданы для сочетания или использования в паре и способны подарить необычные и незабываемые впечатления.Например, туалетную воду LOEWE Solo Ella можно комбинировать с LOEWE Agua Ellal, чтобы взаимно обогатить их и создать уникальный общий аромат. Такое взаимодействие происходит как при нанесении на разные участки тела, так и при использовании двумя людьми, находящимися рядом.LOEWE Solo Ella представлен в фирменной упаковке, украшенной работой «Centaurea ruthenica» Карла Блоссфельдта, подчеркивающей уникальность аромата. Культовый прямоугольный флакон, созданный креативным директором LOEWE Джонатаном Андерсоном, выполнен в ярком оранжевом цвете.LOEWE Perfumes представляет широкий ассортимент коллекционных ароматов — многогранные творения, воздействующие на все органы чувств и воплощающие сущность природных элементов.","Небольшое количество нанести на тело, избегая попадания в глаза.",Испания
14,https://goldapple.ru/19000139031-whisper,MIPASSION WHISPER,1 179₽,4.9,"Аромасвеча в мини-формате подойдет для знакомства с новым ароматом, дополнит любой подарок, а также удобна в качестве тревел-версии – чтобы в любом месте планеты чувствовать себя как дома с любимыми ароматами.В свечах MIPASSIN используется только экологичный соевый воск, бамбуковые фитили для эффекта живого потрескивающего огня и термостойкие парфюмированные композиции – уникальные селективные ароматы из США, глубокие, роскошные, с множеством нот.Темпераментный аромат терпкого табака, нагретого на солнце лимона и кожи с нотами лаванды и ванили - композиция, которую предпочтут страстные и яркие личности.До 10 часов и наслаждения ароматом селективного парфюма.","• Перед первым использованием свечи подрежьте фитиль до 3-4 мм• Всегда давайте воску расплавиться по всей поверхности свечи во избежание образования лунок около фитиля (в дальнейшем это может привести к заливке фитиля воском – свеча будет гаснуть)• Всегда устанавливайте свечу на поверхностях, устойчивых к воздействию тепла, избегая печей и прочих горячих поверхностей• Не зажигайте свечу в помещении, где она будет находиться в зоне прямого доступа для маленьких детей и домашних животных• Всегда держите горящую свечу в вертикальном положении, чтобы воск сгорал равномерно• Гасите свечу, накрыв ее крышкой• Давайте свече полностью остыть перед тем, как вновь ее использовать• Для обеспечения оптимального горения подрезайте деревянный фитиль так, чтобы его длина над поверхностью составляла 3-4 мм• Очищайте воск от отходов горения• Всегда используйте свечу вдали от штор, вентиляционных труб и вентиляторов• Если вы используете несколько свечей одновременно, оставьте между ними расстояние в 10 см• Погасите свечу после 2 часов непрерывного использования и никогда не оставляйте горящую свечу в помещении без присмотра• Всегда используйте для гашения свечи крышку• Погасите свечу до того, как весь воск сгорит, ее остаточная высота должна быть не менее 1 см• Не оставляйте свечу на жаре и прямыми солнечными лучами, во избежание расплавления воска.",Россия
15,https://goldapple.ru/19000259588-neroli-patchouli-honey-amber,"ZIELINSKI & ROZEN Neroli, Patchouli, Honey, Amber",2 690₽,4.7,"Аромат категории унисекс. Долго сохраняется на коже, оставляя легкий шлейф.",Спрей. Распылять на кожу с расстояния 30 см. Для усиления стойкости аромата наносить на разогретое или влажное тело.,Россия
16,https://goldapple.ru/19000200195-where-love-belongs-22-07,NEYDO Where love belongs 22.07,6 200₽,4.4,"Аромат Where Love Belongs – это сон Андреа о взаимопонимании, родстве душ, уюте и тишине. Загородный дом в Провансе, чистота и свежесть раннего утра, солнечные лучи на белоснежных простынях, легкое колыхание штор и бесконечная ЛЮБОВЬ, которую никто не в силах потревожить. Аромат-нежность, где ноты мандарина, бергамота, красных ягод и иланг-иланга чудесно переплетаются с запахом ландышей и апельсинов.Страна производства парфюмерной композиции - Испания.Andrea, 22.07Открываю глаза и не могу сообразить, где нахожусь. Похоже, что в загородном доме: интерьер в стиле прованс, льняные шторы тихо колышет ветер, мягкий утренний свет струится через полуоткрытое окно, за которым чувствуется летний простор. По белоснежной простыне скользят волнообразные тени, отчего она напоминает ручей. Провожу рукой по кровати. Другая сторона еще теплая. Я зарываюсь носом в подушку и вдыхаю знакомый запах – мне становится легко и свободно. Я абсолютно счастлива!На тумбочке – мои любимые книги, над головой кружит вентилятор из живых ландышей, с каждым оборотом все больше и больше наполняя комнату нежным прохладным ароматом. Я слышу шум льющейся воды. Подхожу к ванной, трогаю ручку, но дверь заперта. И тут я внезапно оказываюсь за большим деревянным столом, стоящим прямо на цветущем лугу! Я любуюсь полевыми цветами и пью апельсиновый сок из стакана, который наполняется сам собой.От удовольствия закрываю глаза. Но звук тихо поворачивающейся ручки возвращает меня в комнату. Дверь в ванную наконец открывается. Мое сердце замирает, потому что сейчас я увижу…свою настоящую любовь!Страна происхождения товара может отличаться (Республика Корея/Франция).",Только для наружного применения.,Франция
17,https://goldapple.ru/19000208702-beso-feliz,BESO BEACH BESO FELIZ,9 060₽,4.5,"BESO FELIZ посвящен острову Ибица, который был пристанищем хиппи в 60-е годы.Аромат предлагает насладиться жизнью и проникнуться атмосферой гармонии, счастья. Аккорд каннабиса передает умиротворение и радость.Цветочные и бальзамические ноты символизируют любовь и свободу. Характер и личность композиции проявляются благодаря древесным нотам.",Распылите на кожу с расстояния 20-30 см.,Испания
18,https://goldapple.ru/19000206604-portraits-of-portofino,BIRKHOLZ Portraits of Portofino,19 816₽,4.8,"Свежий цветочно-цитрусовый аромат BIRKHOLZ – это парфюмерный портрет итальянского города Портофино. Передать глубокую синеву моря, яркие краски залитого солнцем побережья и оттенки ясного неба помогают освежающие ноты цитрусов, которые гармонично сочетаются с нежностью белых цветов, магнолии и жасмина.Как и живописный пейзаж гавани Портофино, эта светлая композиция заставляет забыть обо всех заботах, отвлечься от мыслей и насладиться мгновением покоя и красоты.",Только для наружного применения.,Германия
19,https://goldapple.ru/19000099040-santal,CASA LEGGERA Santal,2 490₽,4.3,"Ароматическая свеча Santal - Чувственный, глубокий, харизматичный и жгучий, аромат, который окутывает теплотой и наполняет силой. Это настоящий клад для любителей восточных мотивов. В нём соединены древесные оттенки, корица, кориандр и ноты сандала.Время горения не менее 40 часов.Оптимальная Температура хранения от +10 до +25 °С.","- Подрезать фитиль при каждом использовании, так свеча не будет ""коптить"". Оптимальная высота фитиля 5мм.- Тушить свечу крышкой.- Не оставлять свечу без присмотра- Держать подальше от солнечных лучей",Россия
20,https://goldapple.ru/7030300002-boss-bottled,HUGO BOSS Boss Bottled,8 400₽,4.8,"Мужчина в стиле BOSS рожден быть успешным — он готов к соперничеству, мотивирован и амбициозен.Ежедневный утренний ритуал — неотъемлемая составляющая его успеха, и туалетная вода Hugo Boss Bottled становится его незаменимым оружием на этом пути. Стойкий и современный BOSS Bottled — это легендарная классика в аккуратном и строгом флаконе, прекрасное воплощение стиля BOSS.Яркий аромат со свежими и чувственными нотами подчеркивает индивидуальность и изысканность вашего образа и воплощает в себе радость жизни.Аромат герани с едва различимым оттенком гвоздики преобладает над теплыми, пряно-цветочными сердечными нотами, уравновешивая свежую фруктовую верхнюю ноту.Базовая нота решительно мужская — это пульсирующая гармония сандалового дерева, кедра и ветивера.BOSS Bottled — это классика, которая всегда остается актуальной.",нет информации,Испания
21,https://goldapple.ru/19000203076-one-eau-de-toilett,CALVIN KLEIN One Eau De Toilett,7 320₽,4.6,"Туалетная вода унисекс Calvin Klein CK One – это культовая классика, отражающая суть человеческого духа, сокрытого в каждом из нас. Невероятно смелая мужская и одновременно женская туалетная вода наполнена свежей, юной энергией.Аромат унисекс воспевает нашу схожесть и различия, а также бесчисленные возможности для тех, кто не боится нарушать принятые нормы. Спокойный минималистический стиль Calvin Klein – как белое полотно, на которым Вы пишите картину собственной жизни. Эта авангардная инклюзивная туалетная вода предназначена для мужчин в поисках собственной уникальности и для женщин, которые своим стилем жизни бросают вызов социальным нормам.Гендерно-нейтральные духи с цитрусовым ароматом от парфюмера Альберто Морильяса открываются освежающим звенящим аккордом зеленого чая, папайи и бергамота. За идеально сбалансированными нотами сердца с мускатным орехом, фиалкой, кардамоном и розой следуют приглушенные, словно затуманенные базовые ноты, в которых несравненная амбра встречается с мускусом.Оригинальный гендерно-нейтральный аромат Calvin Klein CK One стал первой парфюмерной композицией, созданной не по правилам, главной туалетной водой для анархистов в душе.",нет информации,Испания
22,https://goldapple.ru/19000328966-noche,OLIENTE NOCHE,12 831₽,5,"Ароматы oLiente отражают характер того, кто их носит, и намекают на особые черты и подход к жизни.Парфюмерная вода NOCHE (100 мл + 10 мл), подходящая и для женщин, и для мужчин, погружает в магию теплой ночи. Солнце садится, унося с собой все заботы повседневной жизни.Таинственная темная ночь интригует чувственными обещаниями и переносит в волшебный мир тех, кто готов ощутить полную свободу и дать волю своим мечтам и желаниям, страсти и воображению. Освежающие и сочные фруктовые ноты дарят чувство освобождения, а мягкая гармония аниса, амбры, ванили и мускуса придает аромату соблазнительную теплоту.Верхние ноты: фруктовые ноты, зеленый аккорд.Ноты сердца: анис, фруктовые ноты.Базовые ноты: амбра, мускус, ваниль.",Только для наружного применения.,Турция
23,https://goldapple.ru/19000239673-maison-strawberry-champagne,ALAN BRAY Maison Strawberry Champagne,6 500₽,4.5,"Наши первые встречи были полны бескрайних улыбок и бесконечных разговоров, как мельчайшие пузырьки шампанского в бокале.Вдохновленный этими моментами, я создал аромат Strawberry Champagne, чтобы запечатлеть наше первое свидание.Начальные ноты этого аромата отражают свежесть и яркость прибрежных закатов: сочные ягоды клубники и малины, сладкая земляника и свежее яблоко, как символы нашей юности и беззаветной радости.Сердце этого аромата - ноты карамели, которые воплощают в себе самые сладкие моменты, когда наши глаза встречались, и мы погружались в бесконечный мир друг друга.А завершающие ноты ванильного шлейфа - это самые искренние объятия, которые остались в памяти навсегда.Strawberry Champagne - это ода любви и первому свиданию, напоминающая о наших головокружительных чувствах и самых счастливых моментах, проведенных вдвоем.","Нанести на шею, запястье, локтевые сгибы.",Россия
24,https://goldapple.ru/7430800003-pour-homme,VERSACE Pour Homme,10 880₽,4.8,"Туалетная вода Versace Pour Homme впитала в себя средиземноморский характер, имея в своем составе ингредиенты местного происхождения. Древесный аромат туалетной воды подойдет умным и сильным мужчинам, привыкшим шагать в ногу со временем. Верхние ноты Pour Homme дарят свежесть и состоят из лимона, бергамота, апельсиновых листьев и нероли. Букет из голубого гиацинта, герани, мускатного шалфея и кедра составляет ноты сердца парфюма. Завершит этот гармоничный образ шлейф из мускуса, агарового дерева и бобов тонка. С Versace вы всегда будете производить впечатление стильного и эффектного мужчины, а стойкий аромат окутает вас чувственностью и шармом на весь день.",нет информации,Италия
25,https://goldapple.ru/19000009358-coeur-de-petales,L'ATELIER PARFUM COEUR DE PÉTALES,8 079₽,4.6,"Игривый, чувственный аромат COEUR DE PÉTALES от L’ATELIER PARFUM – это пышный и красочный букет, в котором собрали пион, жасмин и ландыш. Изящная и воздушная композиция играет с контрастами: нежные цветы гармонично сочетаются с острым сычуаньским перцем, сочная и яркая нота личи усиливает звучание изысканной розы. Многогранный и при этом лёгкий аромат отражает радость жизни и биение сердца, ритм которого ускоряется или замедляется в зависимости от эмоций. Парфюмер – Dorothee Piot.Верхние ноты – бергамот, мандарин, персик, сычуаньский перец, фиалкаНоты сердца – роза, ландыш, жасминБазовые ноты – малина, миндаль",нет информации,Франция
26,https://goldapple.ru/19000152130-fame,RABANNE Fame,12 167₽,4.8,"FAME – рожденная сиять.FAME – авангардный женский аромат от Rabanne, созданный для девушки, которая всегда в центре внимания. Уверенная, харизматичная и всегда неповторимая, она привлекает взгляды не только внешним обликом, но и своей энергией и харизмой.Драгоценная, как ювелирное изделие, и желанная, как легендарное платье-кольчуга от Rabanne. Флакон аромата FAME облачен в культовое металлическое платье от Модного Дома Rabanne — символ авангардной роскоши и смелости. Сияющая, она отражает самые яркие образы парижской it girl от Rabanne.Шипровая фруктово-цветочная парфюмерная вода FAME изобилует драгоценными ингредиентами, которые подчеркивают уникальность женщины. Нежный жасмин в его чистейшей форме, сочное манго и сливочный ладан создают пленительную композицию, которая позволяет сиять ярче звезд. Подобно легендарному платью-кольчуге, аромат обволакивает тело тончайшим слоем из стиля, уверенности и неподвластной времени элегантности.FAME это не только роскошь, но и осознанный выбор. Аромат изготовлен из натуральных ингредиентов (90% состава) и создан в Грассе, сердце парфюмерного искусства.","Нанести на кожу, избегая попадания в глаза.Для более полного раскрытия аромата рекомендуется нанести его на точки пульса на шее, зоне декольте и запястьях.",Франция
27,https://goldapple.ru/28330100005-no-4-apres-l-amour,THOMAS KOSMALA № 4 Après l'Amour,20 463₽,4.6,"Утонченный, многогранный аромат THOMAS KOSMALA отражает чувственный момент прикосновения кожи к коже. Парфюмерная композиция, таящая в своем сердце специи, воплощает томное настроение и энергию любви. Горький апельсин и лимонная цедра создают сияние верхних нот и постепенно остывают до базовых нот мускуса, амбры и сухого древесного аккорда.Обращаем внимание, цвет аромата может незначительно отличаться вследствие наличия в составе натуральных природных компонентов, используемых для производства товара.",нет информации,Франция
28,https://goldapple.ru/19000144348-perfumed-shower-gel-men,DEXCLUSIVE Men Black Amber Vetiver,356₽,4.8,"Подарите себе приятный ритуал ухода в сопровождении чарующих ароматов вместе с DEXCLUSIVE.Гель для душа Men – настоящий взрыв.Аромат яркий, приятный. Остается на теле еще в течение нескольких часов, но не перебивает аромат парфюма.Гель для душа отлично расслабляет после тяжелого дня.Гель для душа очень приятный, не липкий, хорошо распределяется по телу, как с помощью мочалки, так и рук.Консистенция геля достаточно жидкая, расход продукта экономичный.После использования кожа нежная, мягкая, обновленная.Это настоящая находка для любителей глубокого очищения кожи.Избегайте попадания в глаза. В случае попадания в глаза, промыть большим количеством воды.","Вспеньте средство с водой и нанесите на тело с помощью мочалки или губки.Хорошо помассируйте тело, затем хорошо смойте.",Турция
29,https://goldapple.ru/19000235935-guidance,AMOUAGE Guidance,57 980₽,4.8,"НЕЖНАЯ СИЛА ЖЕНСТВЕННОСТИБашня из слоновой кости, окутанная редкими облаками… Из нежного грушевого тумана, манящего аромата миндального молочка и жемчужной росы ладана складывается образ уютного убежища.Шепот принцессы зовет вас в глубь пышного сада, где цветы османтуса разливают свой пьянящий абрикосовый аромат. В центре сада поблескивает фонтан, его мраморная чаша усыпана алыми розами, чей чувственный аромат встречается с кожаными оттенками шафрана, рассыпанного на полу.Сквозь завесу знойного жасмина идет женщина, и с ней приходит аромат темной ванили и сандалового дерева с нотами кожи, амбровые оттенки лабданума и вкрадчивые ноты королевской амбры. «Кто вы?» — спрашивает она. Вас заметили.Аромат GUIDANCE — непривычная интерпретация триады Amouage, состоящей из розы, ладана и амбры, — звучит как поэма, ощущается как объятья, воспринимается как мудрое изречение.","Парфюмерную воду следует наносить с расстояния 10-15 см. на тепловые точки: под коленями, область живота, запястья, сгибы локтей, район солнечного сплетения, точки за ушами, основание шеи со стороны спины, затылок. Как правило на одну точку достаточно один раз нажать на спрей. Растирать парфюмерную воду не рекомендуется, так как это может нарушить правильный процесс раскрытия композиции. Для повышения стойкости рекомендуем наносить на хорошо увлажненную кожу, комбинируя с кремом, молочком или маслом для тела.",Оман
30,https://goldapple.ru/19000230982-n-4-neo,THOMAS KOSMALA №4 Neon,20 463₽,4.8,"Бодрящая, свежая и фруктовая! Парфюмерная вода THOMAS KOSMALA PARIS расширяет ольфактивный опыт и выделяет новые грани уже знакомой и любимой многими композиции No.4 Après l’Amour.Новая версия аромата усилена современными, наэлектризованными солнечными и озоновыми нотами, чтобы сделать его ещё более ярким. Экзотические цитрусы юдзу и помело помогают сбалансировать ноту манго.Сохраняя характер и эффектность оригинальной формулы № 4, композиция раскрывает её жизнерадостную и энергичную сторону.",Распылять на кожу с расстояния 20-30 см.,Великобритания
31,https://goldapple.ru/19000268485-hero,BURBERRY HERO,9 400₽,4.8,"Новый мужчина, новый герой. Откройте для себя Hero Eau de Toilette - новый аромат от Burberry, запущенный под креативным видением Riccardo Tisci.Hero - загадочный и авантюрный герой современного времени, который находится в постоянном процессе трансформации, поиске своей экстраординарности.Туалетная вода Burberry Hero - идеальный баланс силы и свежести. Отражение двойственности силы и чувствительности современного мужчины.Смелый аромат открывается нотами бодрящего бергамота, которые переплетаются с можжевельником и черным перцем, глубину аромату придает трио теплых кедровых масел из разных горных пород.Аромат Burberry Hero – это альянс мощи и свежести, символизирующий двойственную природу современного мужчины, сильного и в то же время чувственного.Свежий, солнечный, смелый – аромат проникнут искристыми нотами бергамота, живительными аккордами можжевельника и пряностью черного перца. Можжевельник, классический ингредиент британской парфюмерной палитры, наполняет аромат стойкой свежестью.Глубину композиции придают масла из трех видов горного кедра, произрастающего на склонах североамериканских Аппалачей, африканского Атласа и азиатских Гималаев. Флакон Burberry Hero от Риккардо Тиши представляет собой новую интерпретацию классического флакона Burberry.Столь же яркий и современный, как и аромат, который в нем заключен, он украшен рельефной монограммой TB и изогнутым логотипом Burberry, а его форма напоминает конское копыто.","Наносить аромат равномерно на одежду, кожу и волосы.",Испания
32,https://goldapple.ru/19760313139-tobacco-tonka-bean,BANANA REPUBLIC Tobacco & Tonka Bean,5 662₽,4.6,"Восточный гурманский аромат Tobacco & Tonka Bean от Banana Republic очаровывает верхними нотами груши Анжу и золотистой сливы Мирабель. В сердце декадентской, соблазнительной композиции – кокос и листья табака, дополняющие насыщенность и сливочную сладость ванили.Бобы тонка подчеркивают тёмный, чувственный характер инновационного и многогранного аромата.Парфюмер – Gino Percontino.",Только для наружного применения.,Франция
33,https://goldapple.ru/19000094654-morning,DEXCLUSIVE Morning Sandalwood Jasmine,356₽,4.8,"Подарите себе приятный ритуал ухода в сопровождении чарующих ароматов вместе с DEXCLUSIVE.Гель для душа Morning – настоящий взрыв.Аромат яркий, приятный. Остается на теле еще в течение нескольких часов, но не перебивает аромат парфюма.Гель для душа отлично расслабляет после тяжелого дня.Гель для душа очень приятный, не липкий, хорошо распределяется по телу, как с помощью мочалки, так и рук.Консистенция геля достаточно жидкая, расход продукта экономичный.После использования кожа нежная, мягкая, обновленная.Это настоящая находка для любителей глубокого очищения кожи.Избегайте попадания в глаза. В случае попадания в глаза, промыть большим количеством воды.","Вспеньте средство с водой и нанесите на тело с помощью мочалки или губки.Хорошо помассируйте тело, затем хорошо смойте.",Турция
34,https://goldapple.ru/7291600002-invictus,RABANNE Invictus,12 050₽,4.9,"Туалетная вода Rabanne Invictus — для сильных и уверенных в себе.Освежающий аромат сразу обращает на себя внимание. Впервые Invictus представлен в 2013 году парфюмерами Вероник Ниберг и Энн Флипо.Яркие цитрусовые ноты в составе Paco Rabanne перекликаются с волнующими морскими аккордами. Морские ноты позволят расслабиться, напомнят о лете. Аромат пачули создаст ауру загадочности, амбра образует легкий и запоминающийся шлейф, придает глубину композиции.Стойкость парфюма сохраняется в течение всего дня. Обладатели туалетной воды ставят перед собой цели и всегда их добиваются. Это энергичные мужчины, спортсмены, пребывающие в постоянном движении.Внешний вид товара может отличаться.",нет информации,Франция
35,https://goldapple.ru/19000258595-nina-illusion,NINA RICCI NINA ILLUSION,12 137₽,4.8,"Магия культовых яблочек Nina Ricci, воплощенная в новом аромате Nina Illusion.Уникальные пикантные ноты японского юзу переплетаются с нотами розового перца и поражают с первого вздоха. Игривые ноты ванили в обрамлении бархатистости цветка апельсина создают яркое и роскошное звучание. Завершающий штрих - сливочные ноты ванили и слегка теплые ноты пачули.Шипровая цветочно-фруктовая композиция подарит вам невероятное ольфакторное наслаждение и окунет в чудесный мир Nina Ricci.Парфюмеры: Оливье Кресп, Николя Бонневиль.","Нанести на кожу, избегая попадания в глаза.",Испания
36,https://goldapple.ru/19760300399-203-framboise-vanille-mure,"BON PARFUMEUR PARIS! 203 – framboise, vanille, mûre",5 042₽,4.7,"Малина, ваниль, ежевика – три характерные ноты композиции 203 от Bon Parfumeur. Фруктовый аромат с тонкими древесными нотами напоминает о лете, неторопливых, беспечных днях и праздничной атмосфере. Искрящиеся цитрусовые ноты, ягоды и фруктовая яркость груши идеально переплетаются в верхних нотах. Красоту этого сочетания усиливают жасмин и роза, для которых композиция становится местом встречи. В сердце аромата гармонируют солнечный и цветочный аккорды, делающие аромат изысканным и многогранным. В базе объединились яркие древесные ноты, ваниль амбра и мускус. Верхние ноты: груша, ягоды, нероли. Ноты сердца: жасмин, роза, солнечный аккорд. Базовые ноты: ваниль, древесные ноты, мускус, амбра.",нет информации,Франция
37,https://goldapple.ru/19000203048-blue-talisman,EX NIHILO BLUE TALISMAN,43 000₽,4.7,"Созданный как гипнотическая драгоценность, BLUE TALISMAN воплощает в себе лучшее ноу-хау EX NIHILO в виде ольфакторного творения.Передовой аромат, символизирующий бесконечную духовную энергию, выраженную тонкой свежестью груши и бергамота, смягченной абстрактными мускусными и амбровыми нотами.Это творение воплощает авангардный и неповторимый дух Дома в завораживающих и многочисленных гранях.",для наружного применения,Франция
38,https://goldapple.ru/19000331477-sago,STEREOTYPE Sago,8 700₽,4.4,"SAĜO. Смотри глубже. Чувствуй тоньше.Всё началось с чистого листа. Пустого, бесконечно открытого. Он ждал смыслов, но они не приходили сразу. Были вопросы, сомнения, поиск. Но постепенно появились линии. Связи. Ответы.Всё началось с чистого листа… Но теперь ты видишь суть.Ты не боишься смотреть вглубь. Ты принимаешь разные точки зрения, исследуешь их, собираешь свою картину мира, кусочек за кусочком. Твоя сила — в знании. В интуиции. В глубоком понимании того, что скрыто за поверхностью.SAĜO — поглощающий и медитативный. Медовая амбра согревает, создавая ощущение мягкого пледа на плечах, а влажный мох приносит прохладное дыхание леса после дождя. Игра контрастов — как в глубоких размышлениях. Аромат на коже станет проводником в мир тонких ощущений и осознанности.*Saĝo (sah-joe) - на языке эсперанто означает «мудрость».FLOW, UNFRAME, SAĜO, BRACE — как и люди, ароматы первой коллекции STEREOTYPE похожи, но несравнимы. Они принадлежат одной «ароматной вселенной» — мускусной, древесной, амбровой, пряной — но звучат по-разному. Они говорят на одном языке, но разными голосами. И каждый находит среди них тот аромат, что звучит в унисон с его внутренним миром.Парфюмер: Bertrand Duchaufour.",нет информации,Франция
39,https://goldapple.ru/19000154587-white-tea-eau-de-toilette,KORRES White Tea,6 990₽,4.5,"Туалетная вода White Tea - сладкий, нежный, свежий, бодрящий и в то же время чувственный аромат. Идеальное дополнение Вашего образа нотками изысканности, элегантности и очарования!Композиция:В верхних нотах головокружительный аромат бергамота способен покорить буквально с первого знакомства: в нем уживается свежесть цитруса, легкость и теплота цветочного букета в сочетании с обволакивающими смолисто-древесными нотами.В сердце нежный аромат белого чая, элегантность которого дополняется букетом свежих пионов, фрезий и обволакивающего жасмина.Фрезия - это цветок с нежным и притягательным ароматом, который завораживает своей красотой и элегантностью, сочетая в себе цветочные, фруктовые и пряные ноты.Парфюмерное путешествие завершается древесной, слегка землистой ароматной смесью кедра и дубового мха.Содержит 88% натуральных компонентов.Дерматологически протестировано.Korres – бренд натуральных средств ухода за кожей и парфюмерии, содержащих до 99% компонентов природного происхождения.Все парфюмерные композиции бренда – это яркие и чувственные ароматы, сочетающие в себе сочные природные ноты натуральных компонентов, что обеспечивает высокую стойкость ароматов и дарит яркое настроение и эмоции на долгое время.Дополните свой образ парфюмерными композициями Korres и обретите еще большую притягательность и уверенность в себе!","Распылите на расстоянии примерно 20 см. от кожи, уделив особое внимание таким зонам, как запястья и шея.",Греция
40,https://goldapple.ru/19000311989-purifying-candle,AMAN Purifying candle,8 897₽,4.9,"Заряжающая свеча освежает разум, придает силы, настраивает на легкость и новый старт. Нота герани обогащает розу в сердце композиции, плавно смягченной сандаловым деревом.Сделано на основе комбинации натурального и минерального восков для лучшего горения.Свеча индивидуально налита в сосуд из черного стекла, который был выдут и вырезан вручную.",Время горения 40 часов.Не жечь больше 4 часов за один раз.,Португалия
41,https://goldapple.ru/19000010695-les-eaux-d-un-instant-immense-peony,ANGEL SCHLESSER LES EAUX D’UN INSTANT Immense Peony,9 465₽,4.6,"Нежность лепестков пиона воплощена в аромате Immense Peony, посвященном свободе, безмятежности и ощущению блаженства. Цветочно-фруктовая композиция ANGEL SCHLESSER с идеальной гармонией нот сладкой клубники и изысканного пиона расслабляет, словно умиротворяющий момент дня, когда солнце тает над горизонтом и морем, окрашивая закатное небо в розовый цвет. Чарующий аромат ласкает, будто бархатный песок и прибрежные волны, благодаря мягкой базовой ноте мускуса. Парфюмер – Ane Ayo.Ключевые ноты: клубника, пион, мускус.",Только для наружного применения.,Италия
42,https://goldapple.ru/19000132695-jiffy-toasted-bread,24.GRAMS Jiffy Toasted Bread,1 090₽,3.2,"Аромасвеча Jiffy в гипсовом стакане с невероятным ароматом ""Теплый хлеб"", который пробуждает желание откусить корочку свежеиспеченного горячего хлеба. Этот гурманский аромат создаст атмосферу тепла и уюта в вашем пространстве.Характеристики:Размер: 7*7см.Вес общий: 430 гр. Объем свечи: 120 млВремя горения: 30 часов","Чтобы использование приносило только радость, прочитайте эти рекомендации перед использованием:- Берегите свечи от детей и животных! Не оставляйте зажженные свечи без присмотра.- Не оставляйте свечу зажжённой более 3-х часов подряд. После 3-х часов горения необходимо потушить свечу и дождаться полного застывания воска. В этом случае свеча будет гореть дольше и не будет перегреваться.- Прекратите использование свечи после того, как в стакане осталось менее 1,5 см воска. Использование свечи с меньшим количеством воска может привести к перегреву стакана и стакан может лопнуть.- Оптимальная длина фитиля от 3 до 5 мм. Перед повторным использованием рекомендуем подрезать фитиль. Так свеча не будет коптить и пламя будет аккуратным. Фитиль можно обрезать обычными ножницами.- Натуральный воск очень подвержен изменению температуры, поэтому не перегревайте и не переохлаждайте свечу при хранении.Не оставляйте свечу на сквозняке рядом с вентилятором или кондиционером (это также может привести к отслоению воска от стенок стакана.",Россия
43,https://goldapple.ru/19000082716-sea-breeze,BYBOZO Sea Breeze,17 490₽,4.6,"Словно облако наслаждения и неземного счастья. Это очень личный и интимный эликсир духа блаженства и превосходства. Аромат для избранных! Фужерный «Морской бриз» получился свежим и воздушным, мягко переходящим в теплоту, поднимая настроение. Это будто солнечные лучи погрузились в морские волны. Аромат призван дарить ощущение уединения личности с природой. С первых секунд аромат будоражит звонким сочетанием яркого спелого лимона и одновременно теплого и холодного розового перца. Моментально в композиции появляется экзотика в виде карамболы. Аромат из цитрусовой свежести плавно переходит в категорию нежности и душевного равновесия.И вот наступает та самая загадка этого волшебства: морская соль, тиаре и помело. Три этих ингредиента на коже создают такой необычный интимный ансамбль, что никто не останется равнодушным!Завершающими нотами являются теплые мягкие оттенки ванили, ветивера и амбры. А минеральный аккорд отвечает за современность в этом произведении искусства!Игра и переливы нот гарантировано придадут душевную радость своему обладателю. Вы почувствуете дух свободы. Перенесетесь мысленно на южный берег, где теплый морской воздух смешивается с брызгами соленой воды и теплым песком. Это ли не блаженство?",нет информации,Франция
44,https://goldapple.ru/19000125956-butterfly-mind,STATE OF MIND Butterfly Mind,4 581₽,4.2,"Мобильная версия спрея создана, чтобы любимый аромат всегда был под рукой! Невесомый цветочно-фруктовый аромат Butterfly Mind вызывает ассоциации с природой, молодостью и лёгкостью. На его создание вдохновила красота весны и вечного начала. В этом светлом, романтичном и многогранном аромате нежность белого чая и цветков сакуры гармонирует с фруктовыми нотами фейхоа. Украшают праздничный букет чувственные вишня и мускус.",Только для наружного применения.,Франция
45,https://goldapple.ru/90150600001-black-pepper-amber-neroli,"ZIELINSKI & ROZEN Black Pepper, Vetiver, Neroli, Amber",1 650₽,4.7,"Универсальные кремы для рук подходят для использования в любое время года и в любом климате. Благодаря легкой текстуре средство быстро впитывается, а обогащенная натуральными маслами формула надолго оставляет кожу мягкой и нежной.Тюбик удобного travel-формата поместится даже в очень маленькой сумке или кармане.Ароматы продукции Zielinski&Rozen изменили свое наименование без изменения состава.",Выдавите небольшое количество крема на руки и равномерно распределите на коже.,Израиль
46,https://goldapple.ru/83430100019-mango-skin,VILHELM PARFUMERIE Mango skin,27 500₽,4.7,"Эта композиция – средоточие удовольствий! Во вкусе манго для меня есть все: флирт, любовь, игра, солнце, радость и, главное, ощущение бесконечного счастья.  Я задумал создать аромат, который стал бы источником удовольствия для каждого, кто нанесет его на кожу или просто от кого-нибудь услышит.",нет информации,Швейцария
47,https://goldapple.ru/19000244389-35-sm-olivkovyj-2-stuki,"ALDE CANDLES 35 см оливковый, 2 штуки",450₽,4.9,"Свеча коническая 35 см , 2 шт в упаковке, Оттенок: №16 оливковый. Вес упаковки 190 гр. Размер упаковки: 36*5*2,5.",нет информации,Россия
48,https://goldapple.ru/19000220509-queening,MIND GAMES QUEENING,25 720₽,4.6,"Коллекция soulmate воплощает силу и единство пешек, коллективную уверенность и стремление поддерживать друг друга. По характеру пешка — решительная, амбициозная и бесстрашная фигура.Каждый аромат продуман, чтобы вы могли носить его самостоятельно или наслаивать с другими, создавая неповторимую композицию. Дизайн флаконов изящен, современен и сдержан — тонкие детали намекают на защитный слой брони. Разожгите страсть и откройте в себе лучшее с soulmate.Queening — празднование достижения своих целей. Эта изысканная композиция сочетает в себе королевский аромат ириса со сладостью ванили, создавая бодрящее начало, за которым следуют выдержанный ром и шафран.Этот пленительный аромат наделяет силой всех нынешних и амбициозных королев.",Распылите на кожу с расстояния 20-30 см.,США
49,https://goldapple.ru/19000196127-divino-bianco-90-anniversario,WALLY 1925 Divino Bianco - 90° anniversario,12 380₽,5,"Украсьте ваш дом теплыми и золотыми красками осени, впустив в него горько-сладкий аромат DIVINO BIANCO. Свежие и фруктовые начальные ноты сменяются цветочным и древесным сердцем с зеленым и мускусным шлейфом.","Окуните все палочки во флакон;для более интенсивного распространения аромата переворачивайте палочки несколько раз в день. Регулировать аромат можно уменьшая или увеличивая число палочек.Палочки играют основную роль в интенсивности ароматизации, чем больше палочек, тем аромат насыщеннее.Для достижения лучших результатов, флакон не стоит никогда выставлять на прямой солнечный свет или ставить рядом с источниками тепла, так как под его воздействием происходит испарение аромата.",Италия
50,https://goldapple.ru/80130500011-in-red,ARMAND BASI In RED,13 995₽,4.5,"Парфюмерная вода Armand Basi In RED для женщин открывает чудесный мир цветочных красок, наполняя воздух ароматом страсти, женственности, блеска. Благодаря весеннему каламбуру цветов, чувствуется свежесть розы, теплота ландыша, нежность фиалки, сладострастие жасмина. В парфюмерной воде присутствуют сердечная свежесть цитрусовых, яркость бергамота и праздничность мандарина. Вместе с кардамоном запахи наполняют пространство позитивом, создают уют, гармонию, дарят силу. Armand Basi удовлетворит разные запросы потребителей, вызывая только приятные чувства. Казалось, сам аромат предназначен для создания приятных воспоминаний. In RED для женщин с базовыми древесными нотами дарит усладу амбры, мха, дерева, которые в сочетании с цветочными запахами создают удивительный аромат удовольствия.",Только для наружного применения.,Италия
51,https://goldapple.ru/19000092693-olympea-solar,RABANNE olympea solar,12 352₽,4.7,"#IamOlympea для страстных и самоуверенных. Olympea Solar – новая парфюмерная вода Paco Rabanne – озаряет всё вокруг своим светом и будто становится с ним одним целым.Композиция раскрывается бодрящим цитрусовым звучанием: искрящиеся аккорды мандариновой цедры и апельсина одновременно успокаивают и ослепляют, словно тёплая улыбка. Верхние ноты резко сменяются солнечным аккордом иланг-иланга, а также сладких и опьяняющих белых цветов в дуэте с экзотической чувственной гарденией в сердце. Минеральные аккорды дубового мха придают звучанию аромата ощущение непобедимости, которое подкрепляется нотами бензоина в базе.Веганский, состоящий на 90% из ингредиентов натурального происхождения, этот аромат находится в полной гармонии с природой – как и современная героиня Olympea.Роскошный стеклянный флакон Olympea Solar триумфально возвышается на пьедестале, он облачён в золото и украшен изысканным колпачком. Аромат словно напоминает: «Ты – богиня сегодняшнего дня. И всегда помни об этом!»",нет информации,Франция
52,https://goldapple.ru/19000222794-angelys-pear,NICOLAI PARFUMEUR-CREATEUR PARIS ANGELYS PEAR,6 475₽,4.7,"Вихрь лепестков, фруктов и специй создает элегантную смесь эссенций. Разнообразная коллекция EAU DE TOILETTE предлагает изящный баланс свежести, деликатности и интенсивности.Свежая и сочная нота груши подчеркнута букетом из розы и жасмина, который подсвечивается дубовым мхом. Благодаря красоте света, чистоте воздуха и спокойному, безмятежному настроению Angelys Pear прекрасно иллюстрирует легендарную французскую долину Луары в нежном цветении.Сладкий, свежий аромат с ярким сердцем, долгим шлейфом и приятным намеком на шипр.",Только для наружного применения.,Франция
53,https://goldapple.ru/26730700002-blanche,BYREDO Blanche,38 180₽,4.6,"Аромат посвящен возлюбленной. Символ чистоты и возвышенности. Blanche также передает понимание Беном Горхемом классической красоты. Аромат чистоты – простой по структуре, но экстремальный по характеру. Композиция: белая роза, розовый перец, альдегид, фиалка, нероли, пион, белое дерево, сандал, мускус.",нет информации,Франция
54,https://goldapple.ru/19000080183-in-france-lime-basil-body-wash,JMELLA in france Lime & Basil Body Wash,941₽,4.4,"Гель для душа с ароматом мандарина, базилика и ветивера мягко очищает кожу, делая её нежной и ухоженной. 25 растительных экстрактов увлажняют и смягчают, придают сияние. Масла авокадо, оливы, камелии и арганы питают. Кожа становится бархатистой и увлажненной.","Нанесите немного геля на ладони или мочалку, вспеньте и распределите легкими массирующими движениями, затем смойте теплой водой.",нет информации
55,https://goldapple.ru/19000026658-blanche-bete,LIQUIDES IMAGINAIRES BLANCHE BÊTE,27 657₽,4.8,"Эта композиция – новый «зверь» в коллекции Les Eaux de Peau, посвященной благородным анималистичным и чувственным нотам.Аромат BLANCHE BÊTE – удивительный, магический и завораживающий, словно белый единорог из средневековых легенд. На картинах это мифическое существо часто изображали радом с девушкой в благоухающем саду – и теперь аромат нежных цветов жасмина и туберозы из сказочного сада воплощён в изысканной композиции.Эта парфюмерная вода – отражение любви и тайны, способности фантазировать и творить. Дайте волю воображению и погрузитесь в сказочную историю с волшебным сочетанием нот амбретты, сладкой ванили, чарующего мускуса, какао и бобов тонка, окутанных мечтательной дымкой ладана.Парфюмер – Луиза Тёрнер.",нет информации,Италия
56,https://goldapple.ru/19000257721-imagine-me,FOR ME BY GOLD APPLE Imagine me,2 800₽,4.1,"Мы давно мечтали создать продукт, который бы передавал твое настроение без слов. Парфюмерная коллекция FOR ME — это ароматы, с которыми ты можешь подчеркнуть то, что хочешь прямо сейчас. Парфюмерные композиции были произведены во Франции.IMAGINE ME — это история о том, что будет, если легкость, размеренность и свежесть раннего утра воплотить в аромате. Его открывают прозрачные ноты альдегидов, нежный цветок цикламена и запах только что постиранного хлопкового белья — такое сочетание создает ощущение приятной прохлады на рассвете. В сердце аромата слышны аккорды сочного плода инжира и пудровой фиалки. Бархатный деликатный шлейф добавляет композиции глубину и погружает в атмосферу гармонии — здесь можно разгадать благородную ноту акигалавуда, едва ощутимую сладость амброксана и легкость белого мускуса.Удобная travel-версия объемом 20 мл поместится даже в маленькую сумочку и позволит обновить аромат в любой момент: во время поездки, на работе или перед свиданием.","Распылите на кожу с расстояния 20–30 см.Не подвергать воздействию прямых солнечных лучей.Беречь от источников тепла, огня.",Франция
57,https://goldapple.ru/11950100067-blue-seduction,BANDERAS Blue Seduction,3 354₽,4.8,"Туалетная вода Banderas Blue Seduction с легким свежим ароматом станет великолепным завершением вашего образа. Парфюмерная композиция Blue Seduction раскрывается сочными нотками дыни и черной смородины, которые гармонично дополняют мятная свежесть и изящество бергамота. В сердце туалетной воды от Banderas переливаются оттенки яблока, муската и кардамона, а в шлейфе остаются древесные акценты и чувственная амбра.",нет информации,Испания
58,https://goldapple.ru/19000125257-ganymede,MARC-ANTOINE BARROIS Ganymede,23 500₽,4.6,"Аромат онейрической реальности.Для нового опуса не изменился ни дуэт, ни творческий осмос между Марком-Антуаном Барруа и Квентином Бишем, но пункт назначения находится в другом месте. Создавая элегантную и неожиданную гармонию вокруг квартета из мандарина, фиалки, бессмертника и замши, два коллеги-художника мечтали о новой планете: Ганимед, скалистый спутник Юпитера, открытый в 1610 году Галилеем, сияет и покрыт солеными океанами. Свое название он получил из греческой мифологии: юноша Ганимед был похищен богами, которые были настолько очарованы его красотой, что даровали ему бессмертие.Созданный парфюмером Квентином Бишем, в Ganymede снова используются замшево-кожаные ноты, которые сделали B683 прекрасной классикой. Однако на этот раз художники освободились от традиционных кодов, чтобы увести нас куда-то еще, к блестящей и плавной элегантности. Кожаные ноты становятся мягче, приобретая легкость и нежность при соприкосновении с ароматом фиалки.Запах мандарина приносит живость и кислую сущность, придавая аромату структуру. Противостоя ему, бессмертник является его контрапунктом и поднимает ароматическую гармонию своим двойственным ароматом, то минеральным, то соленым. Вся композиция играет контрастами и противопоставлениями.",нет информации,Франция
59,https://goldapple.ru/19000330339-ambient-fog,BOOMBLOOM ambient fog,2 340₽,4.9,"Аромат Ambient fog — томное, тихое звучание первых минут рассвета после ночного ливня. В нем сочетание слегка тронутых росой травяных нот и землистой древесины. В начале звучат свежие цитрусы, следом — камфорный шалфей. Композиция раскрывается обволакивающим теплом лаванды, мха и бобов тонка.Особую глубину придает интригующая нота амбры.«Обволакивающий туман» из коллекции «Терапия души» — так звучит покой и тишина раннего утра, когда солнце не спешит выглядывать из-за туч. Аромат, который станет идеальным компаньоном, если нужно замедлиться и направить фокус внутрь себя.","Площадь ароматизации свечи весом 185 г — от 15 м². Для ароматизации большего пространства используйте несколько свечей. Не бойтесь экспериментировать и использовать разные ароматы одновременно.Подрежьте фитиль свечи до 5 мм., зажгите оба фитиля и оставьте гореть на 1- 3 часа, пока расплавленный воск не достигнет стенок сосуда. Не жгите свечу дольше трех часов подряд. Подрезайте фитиль перед каждым использованием. Попробуйте эти простые правила, чтобы продлить срок службы свечи.",Россия
60,https://goldapple.ru/19000230980-flame,THE WOODS COLLECTION Flame,10 677₽,4.8,"Парфюмерный набор THE WOODS COLLECTION ""FLAME"": парфюмерная вода + атомайзер.Вечный огонь — это Пламя, неутомимо горящее в парфюмерной воде THE WOODS COLLECTION.Цитрусовые, пряные и амбровые ноты, пронизывающие композицию, подчеркивают её яркий и смелый характер.Флакон градиентного цвета, переходящий от теплого желтого к красному оттенку, напоминает факел, который помогает людям отыскать путь посреди моря.",Только для наружного применения.,Франция
61,https://goldapple.ru/19000244394-42-sm-izumrudnyj-2-stuki,"ALDE CANDLES 42 см изумрудный, 2 штуки",470₽,4.9,"Свеча коническая 42 см , 2 шт в упаковке, Оттенок: №23 изумрудный. Вес упаковки 190 гр. Размер упаковки: 43*5*2,5.",нет информации,Россия
62,https://goldapple.ru/19000006047-very-good-girl,CAROLINA HERRERA Very good girl,13 072₽,4.9,"Carolina Herrera представляет новую парфюмерную воду Very Good Girl c роскошной ольфакторной пирамидой, по-новому раскрывая понятие современной женственности.Very Good Girl – это цветочно-фруктовый аромат. Его композиция открывается дерзкими аккордами красной смородины, которые дополняются экзотическими оттенками личи. В сердце композиции раскрываются кремовые и пудровые оттенки розы, такие же мягкие и бархатистые, как самая соблазнительная в мире красная губная помада.Финальный аккорд в Very Good Girl – легкая вуаль из древесных нот ветивера. Это ключевой ингредиент мужской туалетной воды Bad Boy, а также он является частью ольфакторной пирамиды аромата Good Girl Supreme. Новой композиции Very Good Girl ветивер придает неожиданное и современное звучание, соединяясь с теплыми оттенками ванили.Парфюмерная вода Very Good Girl – это, с одной стороны, сочетание изысканных ингредиентов, высшего уровня парфюмерного мастерства, а с другой стороны – идеальное завершение ежедневного образа.",нет информации,Испания
63,https://goldapple.ru/2617700001-arabians-tonka,MONTALE Arabians Tonka,21 300₽,4.9,"Arabians Tonka предназначен для любителей редких парфюмерных композиций, вариация аромата Arabians, посвященного Арабским скакунам. Загадочный узор из пряностей грациозно переплетается с чарующим звучанием Розы, Бобов Тонка и Бергамота. Аромат демонстрирует свой анималистический, необузданный нрав аккордами Уда, Амбры и Мускуса. Дерзкое, колоритное звучание с легким намеком на женственность.",нет информации,Франция
64,https://goldapple.ru/19000362512-dark-fig,ZIELINSKI & ROZEN Dark Fig,2 690₽,4.3,"Аромат категории унисекс. Долго сохраняется на коже, оставляя легкий шлейф.Раскрываются по системе пирамиды, сначала ноты головы, затем - ноты сердца и, наконец, базовые ноты, которые сохраняются дольше всего.",Распылять на кожу с расстояния 30 см. Для усиления стойкости аромата наносить на разогретое или влажное тело.,Россия
65,https://goldapple.ru/19760343531-toy-2-bubble-gum,MOSCHINO TOY 2 BUBBLE GUM,5 250₽,4.7,"Туалетная вода TOY 2 BUBBLE GUM от MOSCHINO – это жизнерадостный и позитивный аромат для тех, кто хочет видеть жизнь в розовом цвете! Великолепную и многогранную розу окутывают игривые и насыщенные ноты жевательной резинки, одновременно сладкие и пряные. Вдохновляющую и бодрящую композицию, которая заставляет забыть о негативных эмоциях, дополняют засахаренные цитрусы в сочетании с сочным персиком и черной смородиной. Имбирь и корица придают аромату лёгкую остроту, а древесные ноты и нежный мускус делают его элегантным. Культовый флакон в виде плюшевого мишки стал розовым, и теперь TOY 2 раскрывает свои нежные объятия для всех, кто знает: розовый никогда не выйдет из моды!",нет информации,Италия
66,https://goldapple.ru/19000349580-neon-splash,LES SOEURS DE NOE Neon Splash,32 800₽,4.9,Сочный цитрусовый аромат с солирующими нотами грейпфрута.Neon Splash вдохновлен бодрящей свежестью мякоти грейпфрута и совсем не содержит горчинки.Создан для хорошего настроения и танцев до утра.,"Для нанесения на кожу, волосы или одежду.",Франция
67,https://goldapple.ru/83290100014-miel-d-arabie,CHOPARD Miel D'arabie,21 937₽,4.8,"Глубокий и таинственный восточный аромат подойдет и для мужчин, и для женщин. В нем гармонично сочетаются свежие и пряные ноты.Композиция открывается теплым медовым аккордом, сбалансированным ярким аккордом специй. В сердце звучит сочный акцент плодов граната, переходящий в чувственный изысканный шлейф.В нем слышны оттенки пачули и ладана, дополненные изысканным древесным отзвуком кипариса.",Только для наружного применения.,Италия
68,https://goldapple.ru/19000117854-fort-royal,LE COUVENT Fort Royal,13 770₽,4.7,"Восточно-пряный аромат FORT ROYAL, в котором ярко раскрываются ванильно-сливочная грань бензоина и свежий, переливающийся аккорд диких ягод, посвящена богатой экзотической природе Карибских островов.В побег на край света манит амбровое и гурманское звучание изысканной композиции, которая дарит сладкое и тёплое ощущение расслабления.Парфюмерная вода LE COUVENT, разработанная в традициях высокой французской парфюмерии, создана на основе благородных эссенций и посвящена путешествиям знаменитого французского ботаника Луи Фелье.",Только для наружного применения.,Франция
69,https://goldapple.ru/19000161479-eywa-blessings-from-nature,FREESHAPE EYWA Blessings from Nature,21 780₽,4.6,"EYWA — благословение природы и гимн уникальности в смелой, чувственной композиции. Восточно-древесный аромат прославляет силу природы, её позитивную энергию и тех, кто поддерживает равновесие в мире. Горький апельсин, нероли, плюмерия раскрываются в верхних нотах.В нотах сердца проявляются магнолия, абсолют жасмина, петитгрейн. Завершающими аккордами звучат амбра и древесные ноты.Крышка и подставка для флакона сделаны из розового мрамора Эйджин, натурального камня, который идеально подходит аромату. FreeShape — освободите душу и примерьте новый облик.",нет информации,Италия
70,https://goldapple.ru/19000172118-limoncello,MOMACANDLE Limoncello,2 480₽,3.6,"Limoncello так нежно уносит в теплые вечера на Средиземноморье, где за красиво сервированным столом, окруженными лимонными деревьями смакуя яркий и освежающий дижестив, наблюдаешь за игриво настроенными морскими волнами и растворяешься в моменте.","Жгите свечу в поле зрения, вдали от легковоспламеняющихся предметов. Храните вдали от детей и домашних домашних животных.Перед тем как зажечь свечу, подрежьте фитиль до 5 мм.Жгите свечу на жаропрочной поверхности, не жгите свечу более 2-х часов подряд.Время горения 25 часов.",Россия
71,https://goldapple.ru/19000121296-jade,SIGNATURE BY SILLAGE DORIENT Jade,17 794₽,4.7,"В изысканный набор входят парфюмерная вода JADE (100 мл), её миниатюра в тревел-формате (15 мл) и распылитель.Цитрусовая и сладкая композиция SIGNATURE by Sillage d'Orient – это воплощение чистоты, идеальный баланс сладости и тепла. Jade переводится как нефрит, и флакон парфюмерной воды таит ту же магию, что и этот удивительный камень. Согласно китайской пословице, золото ценно, но именно нефрит – бесценен.Неповторимую красоту нефрита и бессмертный дух Востока отражают цитрусовые ноты бергамота, лимона и мандарина, которые окутывают свежестью и сладостью, а затем уступают место теплым нотам ванили, амбры и мускуса.",Распылять на кожу с расстояния 20-30 см.,Франция
72,https://goldapple.ru/19000200199-blond-redhead-16-11,NEYDO Blond redhead 16.11,6 200₽,4.7,"Сон Антуана о необыкновенной встрече в парижской кондитерской, наполненной запахом фруктов, ванили и шоколада с легкими нотами специй и дерева. Капля риска, щепотка уверенности в себе – и вуаля! – аромат-предсказание готов. Свежие цветочные ноты роз и фрезий, дополненные нюансами сухофруктов и земли… Этот сон точно сбудется!Страна производства парфюмерной композиции - Франция.Antoine, 16.11Ну вот и все – последний клубничный макарун нашел свое место. Витрина, над которой я тружусь с самого утра, наконец-то оформлена. Пора и передохнуть. Но не успеваю даже присесть, как в кондитерскую входит ОНА. Настоящая француженка – небрежная прическа, волосы цвета клубничный блонд, в одной руке букет фрезий, в другой – пакеты с покупками. Такими женщинами я восхищаюсь издалека. Вблизи же впадаю в ступор, меня буквально парализует. А ОНА бродит по кондитерской, и к нашему привычному запаху ванили вдруг добавляется аромат сухофруктов и теплой земли.«Excusez-moi», – указывает ОНА на торт с начинкой из инжира и розовых лепестков. Как зомби снимаю стеклянный клош, и воздух наполняется сладким ароматом. «Délicieuse», – шепчет ОНА. Какой у нее бархатный волнующий голос! Скажи еще что-нибудь, ну пожалуйста… Торт вырывается из моих рук, кувыркается и падает, взрываясь сливочным кремом. Бах! Цветки фрезий разбросаны по полу.Ее волосы в креме, крем на моей щеке. Я смущен, нужно как-то извиниться, но не могу! И вдруг… ОНА начинает хохотать. Я тоже. Протягиваю руку, чтобы смахнуть крошки с ее шелковой блузки. Какое декольте! Она шепчет: «Délicieuse… Délici… deli…» – «De-di-di» – настойчиво звонит будильник.Просыпаюсь, облизывая сухие губы. Как же не вовремя!Страна происхождения товара может отличаться (Республика Корея/Франция).",Только для наружного применения.,Франция
73,https://goldapple.ru/19000328967-vida,OLIENTE VIDA,12 831₽,4.9,"Ароматы oLiente отражают характер того, кто их носит, и намекают на особые черты и подход к жизни.Парфюмерная вода VIDA (100 мл + 10 мл) подчеркнет оптимистичный и уверенный характер женщины, которая знает: жизнь полна интересных возможностей. Ощутить, что ключи к счастью – в ваших руках, помогают яркие ноты солнечного лимона и сочной груши. Любовь к окружающему миру отражают сладкие ноты ванили и пралине, сбалансированные нежным звучанием кокоса.Теплый древесный аккорд в сочетании с амброй украшает насыщенную композицию, воспевающую наслаждение жизнью.Верхние ноты: лимон, груша, бархатцы.Ноты сердца: кокос, пралине, ваниль.Базовые ноты: мускус, амбра, мох, древесный аккорд.",Только для наружного применения.,Турция
74,https://goldapple.ru/19000132732-grape-lemongrass,24.GRAMS Grape & Lemongrass,2 190₽,4.9,"Классическая ароматизированная свеча в стакане из прозрачного стекла с деревянной крышкой с ароматом ""Виноград и лемонграсс"", в котором переплетаются яркие цитрусовые нотки со свежими травяными аккордами. Этот лёгкий аромат наполнит пространство энергией свежести и бодрости.★ Верхние ноты: лимон и бергамот.★ Средние ноты: виноград, красные ягоды, лемонграсс.★ Базовые ноты: мускус, лемонграсс.Время горения: 50 часов","Чтобы использование приносило только радость, прочитайте эти рекомендации перед использованием:- Берегите свечи от детей и животных! Не оставляйте зажженные свечи без присмотра.- Не оставляйте свечу зажжённой более 3-х часов подряд. После 3-х часов горения необходимо потушить свечу и дождаться полного застывания воска. В этом случае свеча будет гореть дольше и не будет перегреваться.- Прекратите использование свечи после того, как в стакане осталось менее 1,5 см воска. Использование свечи с меньшим количеством воска может привести к перегреву стакана и стакан может лопнуть.- Оптимальная длина фитиля от 3 до 5 мм. Перед повторным использованием рекомендуем подрезать фитиль. Так свеча не будет коптить и пламя будет аккуратным. Фитиль можно обрезать обычными ножницами.- Натуральный воск очень подвержен изменению температуры, поэтому не перегревайте и не переохлаждайте свечу при хранении.Не оставляйте свечу на сквозняке рядом с вентилятором или кондиционером (это также может привести к отслоению воска от стенок стакана.",Россия
75,https://goldapple.ru/19000163473-beso-negro,BESO BEACH Beso negro,18 270₽,4.6,"BESO NEGRO воссоздает красоту средиземноморской ночи: закат, последние лучи солнца в отражении моря, обволакивающая жара ещё теплого песка и загадочная луна.Фиалка и кардамон в верхних нотах переходят к провокационным пачули, коже и сандалу, которые формируют уникальный и элегантный характер композиции.",Распылите на кожу с расстояния 20-30 см.,Испания
76,https://goldapple.ru/19000017107-solo-ella,LOEWE SOLO ELLA,18 960₽,4.6,"Представляем парфюмерную воду LOEWE Solo Ella из семейства свежих фруктово-цветочных ароматов. В этом аромате гармонично переплетаются ноты красного яблока, нероли, персика, амбры, пихты и зеленого чая, создавая женственную цветочную композицию. Включение персика, груши и умеренно выраженной амбры создает сладкий и динамичный аромат, в котором внимание приковывают все уровни ольфакторной пирамиды — от верхних до базовых нот.Ключевые ингредиенты — жасмин самбак и горький апельсин — придают аромату глубину и стойкость, обеспечивая его неизменность в течение дня. Эссенция зеленого чая добавляет свежести, делая аромат подходящим для любой ситуации.Парфюмерная вода LOEWE Solo Ella, будучи частью коллекции LOEWE Botanical Rainbow, интригует и побуждает к исследованию. Однако тот сложный многосоставный аромат создан для самостоятельного использования.LOEWE Solo Ella заключен в полупрозрачный ярко-оранжевый флакон, символизирующий жизнеутверждающий характер аромата. Монохромная упаковка с фотографией цветка «Centaurea ruthenica» Карла Блоссфельдта придает LOEWE Solo Ella уникальность коллекционного произведения искусства.Позвольте LOEWE Perfumes открыть для вас мир синестезии, где ваши чувства покорят не только тщательно созданные ароматы, но и чистые цвета и приятная тяжесть прохладных стеклянных флаконов. Откройте для себя LOEWE Solo Ella — аромат, воспевающий гармонию зари.","Небольшое количество нанести на тело, избегая попадания в глаза.",Испания
77,https://goldapple.ru/19000400102-all-of-me,NARCISO RODRIGUEZ All Of Me,9 060₽,4.6,"All of me от Narciso Rodriguez - единственное в своем роде отражение меня.All of me – женский аромат от Narciso Rodriguez, смелая и харизматичная цветочная композиция, созданная для нового поколения женщин. Торжество индивидуальности и самовыражения, All of me — аромат для сильных и свободных духом женщин, которые исследуют себя и уверенно принимают все, что делает их уникальными.Многогранный аромат.Объединяя культовую ноту драгоценной розы центифолия с неожиданным аккордом бурбонской герани, ингредиента, который обычно встречается только в мужских ароматах, All of me переосмысляет коды парфюмерии, представляя собой многогранную цветочную композицию, уникальную по своей природе.Выразительный дуэт розы и герани в сочетании с эссенцией магнолии, пудровым черным ирисом и чарующей туберозой образует калейдоскопический цветочный букет, который раскрывается в сердце нежного аккорда молочно-белых мускусов. Эти кремовые, обволакивающие ноты представляют собой захватывающую эволюцию редкого мускусного аккорда, который является фирменным знаком всех ароматов Narciso Rodriguez. Звучание шести различных видов мускуса привносит в аромат особое измерение — мягкость, сияние и богатую древесную текстуру. Базовые ноты раскрываются сандаловым деревом в дуэте с бархатистой амброй, создавая обволакивающий шлейф, который долго держится на коже.Флакон призматической красоты.Элегантный призматический флакон All of me символизирует множество граней женщины, которая его носит, — полный спектр цветов, преломленных в многогранной форме. Геометрически изогнутый флакон является драгоценным объектом искусства, излучающим чистое сияние, подчеркнутое легкой розовой вспышкой, которая перекликается с цветом аромата внутри.Натуральный аромат.All of me - создан на основе осознанного подхода к потреблению, 88% ингредиентов в его составе натурального происхождения.","Наносить на запястье, за мочку уха, на сгиб локтя, на шею в районе межключичной впадины.",Франция
78,https://goldapple.ru/19000257641-la-danza-delle-libellule,NOBILE 1942 La danza delle libellule,15 768₽,4.7,"Парфюмерная вода LA DANZA DELLE LIBELLULE, созданная по принципам ароматерапии для расслабления в самые трудные дни, дарит улыбку и ощущение беззаботности.Название аромата NOBILE 1942 вдохновлено «Танцем стрекоз», итальянской опереттой Франца Легара.Композиция, построенная вокруг жизнерадостных нот красного яблока, корицы и ванили, привносит всю легкость, необходимую для успокоения даже самых беспокойных сердец.",Только для наружного применения.,Италия
79,https://goldapple.ru/26143300001-erotic,FRANCK BOCLET EROTIC,21 000₽,4.5,"Неизбежное плотское желание, воображение рисует фантазии, роскошный и обольстительный поцелуй, интимный и чувственный аромат. Верхние ноты: бергамот, лимон, розмарин, базилик. Ноты сердца: тубероза, лаванда, пачули, кардамон. Базовые ноты: ладан, опопонакс, кедр, сандал, кожа, ваниль, лабданум, кастореум, циветта,мускус, амбра.",нет информации,Франция
80,https://goldapple.ru/19760309633-travel-set-original,HFC Travel Set Asian,25 000₽,4.5,"Четыре стихии, четыре загадки. Таинственный и удивительный мир Азии в четырех миниатюрах бестселлеров Devil's Intrigue, Red Iceberg, Indian Venus и Sword Dancer. Сладкие и свежие одновременно, томные и бодрящие, меняющиеся в зависимости от вашего настроения. Глубокие, полные аллегорий и чувственности, эти выдающиеся произведения искусства нишевой парфюмерии созданы для истинных ценителей.Бренд HFC сотрудничает с разными фабриками для производства флаконов. Заводы-изготовители используют разные материалы, которые могут отражаться на внешнем оформлении продуктов. Отличающийся дизайн комплектующих не влияет на качество ароматов.",нет информации,Франция
81,https://goldapple.ru/19000011050-flora-gorgeous-gardenia,GUCCI Flora Gorgeous Gardenia,20 590₽,4.7,"Перенеситесь в радостную страну фантазий с ароматом Gucci Flora. Новая цветочная парфюмерная вода Gucci Flora Gorgeous Gardenia с легким сладким оттенком предстает в новой рекламной кампании в окружении цветов и пушистых животных. Культовый цветочный аромат создан для свободных духом женщин, излучающих позитивную энергию. Композиция аромата построена вокруг гардении, которая испокон веков почиталась за свою величественную красоту и, как гласят легенды, использовалась для приготовления чудодейственных эликсиров и волшебных зелий. Таинственная нота белой гардении сливается в сердце аромата с абсолю солнечного крупноцветкового жасмина.  Упоительный нектар радости открывают ноты цветка груши. Аккорд тростникового сахара придает шлейфу изысканную сладость. Новый удлиненный флакон из лакированного розового стекла с блестящей золотой крышечкой можно назвать подлинным произведением искусства. Его украшает знаменитый узор Flora в интерпретации Алессандро Микеле. Этот красочный цветочный орнамент, созданный для Gucci художником Витторио Аккорнеро еще в 1966 году, на протяжении многих лет служит одним из символов Дома. Режиссером рекламной кампании стала Петра Коллинз, а образ героини блестяще воплотила певица, актриса, новатор и филантроп Майли Сайрус. Кампания #FloraFantasy – это путешествие в мир розовых грез, вдохновленный японскими аниме и наследием поп-культуры, где излишества отнюдь не излишни. «В кампании Flora Gorgeous Gardenia мы по-новому показываем мир флоры. Нас вдохновила Майли Сайрус, артистка, которой одновременно близки рок-н-ролл и эклектика... Кто сказал, что рок-н-ролл не сочетается с миром цветов и не может воплощать вселенную Flora?» – Алессандро Микеле.","Для каждодневного использования. Нанесите на запястья, шею и зону декольте",Испания
82,https://goldapple.ru/7150200001-happy-for-men-cologne-spray,CLINIQUE HAPPY FOR MEN COLOGNE Spray,11 250₽,4.8,"Одеколон Clinique Happy for men cologne spray — цитрусовый фужерный аромат для мужчин.Уникальный аромат, лежащий на коже тонким шлейфом, удерживая свежесть ветра и морской волны в течение дня.Многослойная композиция одеколона от Clinique искрится цветочными нотами мандарина и грейпфрута, нежно сливаясь с древесным тоном в центре композиции. Тонкий шлейф из ароматов утренней мимозы и экстравагантной орхидеи привносят в композицию бодрость утра и яркость дня.В аромате одеколон Happy for men звонко сияют экзотические кафрский лайм, сладкий каламанзи и нежный юзу, придавая необычный шарм и вплетая свежесть океанского бриза.Завершают композицию ароматы кипариса и кедра, гармонично соединяя в единую симфонию весь сложный аромат одеколона.",нет информации,Швейцария
83,https://goldapple.ru/19000002875-freedomland,MANDARINA DUCK FREEDOMLAND,5 579₽,4.8,"Аромат FREEDOMLAND от MANDARINA DUCK создан для тех, кто выбирает свободу и дух бесконечного веселья. В атмосферу музыкального фестиваля, ошеломляющего зажигательной музыкой и яркими красками, погружают искрящиеся ноты апельсина, лимона, ананаса, клубники, базилика и мяты. Вечеринка продолжается с нотами сердца: коктейлем «Пина колада», кокосовым молоком, жасмином и личи. Полностью окунуться в этот праздник музыки и свободы помогают ноты вишневого десерта, мускуса, гелиотропа и коктейля «Писко-сауэр». Семейство аромата: цветочный фруктовый.",нет информации,Италия
